{"hparam_tuning/global_step": 0, "_timestamp": 1622042474.261439, "global_step": 4, "20210526-171950/global_step": 4, "20210526-171950/completions": 1.0, "20210526-171950/completions_avg": 0.4000000059604645, "hparam_tuning/20210526-171950/global_step": 4, "hparam_tuning/20210526-171950/scores": -0.11138613522052765, "20210526-171950/scores": -0.11138613522052765, "20210526-171950/scores_avg": -0.7074257135391235, "20210526-171950/steps": 0.1163366362452507, "20210526-171950/steps_avg": 0.7094059586524963, "20210526-171950/loss": 0.005476813297718763, "20210526-171950/loss_avg": 0.022602315992116928, "20210526-171950/deadlocks": 0.0, "20210526-171950/deadlocks_avg": 0.0, "20210526-171950/exploration_prob": 0.9880539178848267, "20210526-171950/exploration_prob_avg": 0.9940179586410522, "20210526-171950/exploration_count": 1423.0, "20210526-171950/exploration_count_avg": 952.0, "20210526-171950/act_0": 0.21276596188545227, "20210526-171950/act_0_avg": 0.20594918727874756, "20210526-171950/act_1": 0.19148936867713928, "20210526-171950/act_1_avg": 0.19637219607830048, "20210526-171950/act_2": 0.3191489279270172, "20210526-171950/act_2_avg": 0.22515656054019928, "20210526-171950/act_3": 0.10638298094272614, "20210526-171950/act_3_avg": 0.17825181782245636, "20210526-171950/act_4": 0.1702127605676651, "20210526-171950/act_4_avg": 0.19427022337913513, "_step": 9, "hparam_tuning/20210526-172043/global_step": 0, "hparam_tuning/20210526-172043/scores": -0.32425743341445923, "20210526-172043/global_step": 3, "20210526-172043/completions": 1.0, "20210526-172043/completions_avg": 0.75, "20210526-172043/scores": -0.4207920730113983, "20210526-172043/scores_avg": -0.4554455578327179, "20210526-172043/steps": 0.42574256658554077, "20210526-172043/steps_avg": 0.45915842056274414, "20210526-172043/loss": 0.02291673794388771, "20210526-172043/loss_avg": 0.028555504977703094, "20210526-172043/deadlocks": 0.0, "20210526-172043/deadlocks_avg": 0.0, "20210526-172043/exploration_prob": 0.9910269975662231, "20210526-172043/exploration_prob_avg": 0.9955089688301086, "20210526-172043/exploration_count": 739.0, "20210526-172043/exploration_count_avg": 536.25, "20210526-172043/act_0": 0.20930232107639313, "20210526-172043/act_0_avg": 0.18362769484519958, "20210526-172043/act_1": 0.2030075192451477, "20210526-172043/act_1_avg": 0.1722281128168106, "20210526-172043/act_2": 0.27819550037384033, "20210526-172043/act_2_avg": 0.25210028886795044, "20210526-172043/act_3": 0.18045112490653992, "20210526-172043/act_3_avg": 0.2177429348230362, "20210526-172043/act_4": 0.2030075192451477, "20210526-172043/act_4_avg": 0.1828591674566269}